,RegionID,RegionName,StateName,7/31/20,7/31/21,4/30/22,5/31/22,6/30/22,7/31/22,July22NewListingNo.,July22Inventory,StateCode
0,394913,"New York, NY",NY,489474.0,553452.0,600621,608159,614185,618517,16150,49038,0
1,753899,"Los Angeles-Long Beach-Anaheim, CA",CA,685733.0,815943.0,918626,935074,936406,933282,9320,19706,1
2,394463,"Chicago, IL",IL,245313.0,277631.0,304988,308971,311970,313828,13447,29315,2
3,394514,"Dallas-Fort Worth, TX",TX,263109.0,313134.0,379389,388117,395694,397905,11154,21324,3
4,394974,"Philadelphia, PA",PA,258636.0,301935.0,327757,332095,335593,338231,7852,16681,4
5,394692,"Houston, TX",TX,225857.0,259225.0,300160,305742,309933,312533,9769,23072,3
6,395209,"Washington, DC",DC,448911.0,512803.0,547919,552313,554619,555266,8688,16678,5
7,394856,"Miami-Fort Lauderdale, FL",FL,310973.0,356273.0,431694,445225,457031,467759,9856,25145,6
8,394347,"Atlanta, GA",GA,251496.0,301376.0,367476,374700,380060,382616,9957,20588,7
9,394404,"Boston, MA",MA,505870.0,588656.0,646256,654216,659844,661141,5354,9232,8
10,395057,"San Francisco, CA",CA,1112141.0,1309817.0,1459992,1474153,1472605,1458909,4442,8878,1
11,394532,"Detroit, MI",MI,184618.0,216974.0,238368,240957,242921,243049,6833,13928,9
12,395025,"Riverside, CA",CA,392521.0,488882.0,573211,580843,586261,585817,6212,13997,1
13,394976,"Phoenix, AZ",AZ,300418.0,392363.0,465962,474655,480985,478985,9716,21917,10
14,395078,"Seattle, WA",WA,543951.0,666783.0,781397,790663,788752,781617,6572,11284,11
15,394865,"Minneapolis-St Paul, MN",MN,302217.0,344953.0,372386,375596,377411,377399,5808,11241,12
16,395056,"San Diego, CA",CA,616451.0,776488.0,906549,919704,919171,907871,3354,6359,1
17,395121,"St. Louis, MO",MO,188453.0,218534.0,239650,242135,243473,244294,4102,7465,13
18,395148,"Tampa, FL",FL,235305.0,290807.0,362777,373663,381847,386326,6310,12495,6
19,394358,"Baltimore, MD",MD,302963.0,344784.0,370844,373735,375917,377480,4041,7682,14
20,394530,"Denver, CO",CO,453546.0,545603.0,632132,640963,642253,638061,5692,9722,15
21,394982,"Pittsburgh, PA",PA,166493.0,197339.0,211875,212240,212505,211871,2907,6221,4
22,394998,"Portland, OR",OR,431901.0,513562.0,577639,585374,586647,582093,4027,7609,16
23,394458,"Charlotte, NC",NC,253059.0,304300.0,370831,379016,385264,388648,3938,6806,17
24,395045,"Sacramento, CA",CA,433851.0,533912.0,604087,612112,616276,615712,3211,6622,1
25,395055,"San Antonio, TX",TX,238439.0,278774.0,327844,333772,337821,339556,3651,7940,3
26,394943,"Orlando, FL",FL,265333.0,302816.0,374765,385276,394120,399709,4585,9320,6
27,394466,"Cincinnati, OH",OH,197043.0,229755.0,255285,259033,261719,262746,2927,5160,18
28,394475,"Cleveland, OH",OH,165503.0,195680.0,213772,216480,219044,220420,3111,5619,18
29,394735,"Kansas City, MO",MO,215625.0,252778.0,282347,284860,287061,288154,3540,6366,13
30,394775,"Las Vegas, NV",NV,296975.0,360260.0,438395,446701,452100,453764,4890,10155,19
31,394492,"Columbus, OH",OH,224744.0,261000.0,291875,295356,298720,301209,2860,4694,18
32,394705,"Indianapolis, IN",IN,195323.0,228335.0,263424,266481,269925,271777,3591,6285,20
33,395059,"San Jose, CA",CA,1215432.0,1455332.0,1667441,1677762,1664787,1619785,1565,3024,1
34,394355,"Austin, TX",TX,347665.0,492215.0,588413,594638,591639,582073,4071,9963,3
35,395194,"Virginia Beach, VA",VA,255701.0,289712.0,319123,322390,325417,328320,3075,6453,21
36,394902,"Nashville, TN",TN,299281.0,347592.0,433465,442014,451932,457360,3541,6256,22
37,395005,"Providence, RI",RI,330958.0,395863.0,438203,443209,449092,452465,1752,3168,23
38,394862,"Milwaukee, WI",WI,212865.0,249557.0,267482,270200,271563,271771,1353,3185,24
39,394714,"Jacksonville, FL",FL,240451.0,286576.0,354625,362976,370139,375228,3099,6550,6
40,394849,"Memphis, TN",TN,167521.0,195317.0,225331,228022,230462,233002,1722,3919,22
41,394935,"Oklahoma City, OK",OK,165784.0,186503.0,210980,213989,216470,218494,2255,4468,25
42,394807,"Louisville-Jefferson County, KY",KY,188896.0,215304.0,235979,238299,240466,241642,1943,3554,26
43,394669,"Hartford, CT",CT,244353.0,287061.0,312481,317713,322222,323880,1483,2603,27
44,395022,"Richmond, VA",VA,260267.0,295577.0,322540,326420,331023,335294,1914,3324,21
45,394910,"New Orleans, LA",LA,213815.0,238391.0,263619,265940,268962,271110,1066,2502,28
46,394425,"Buffalo, NY",NY,180937.0,222337.0,242619,246654,248440,249405,1268,2174,0
47,395012,"Raleigh, NC",NC,291170.0,348849.0,441371,452806,461097,462285,2127,3629,17
48,394388,"Birmingham, AL",AL,185657.0,211553.0,239089,241914,244511,245833,1774,3491,29
49,395053,"Salt Lake City, UT",UT,404120.0,510059.0,600374,609756,611756,606689,1453,2643,30
50,395031,"Rochester, NY",NY,166442.0,194702.0,212357,215165,217659,218475,1290,2050,0
51,394640,"Grand Rapids, MI",MI,228136.0,267804.0,301315,305892,309523,310956,1468,2698,9
52,395167,"Tucson, AZ",AZ,232017.0,290755.0,336003,341532,346704,348546,1522,3189,10
53,753924,"Urban Honolulu, HI",HI,720076.0,813147.0,915767,925463,934810,942506,872,2293,31
54,395169,"Tulsa, OK",OK,157798.0,179106.0,204639,207632,210643,213312,1387,2730,25
55,394619,"Fresno, CA",CA,277209.0,337197.0,381935,385870,389006,390953,911,1793,1
56,395238,"Worcester, MA",MA,309422.0,372817.0,412883,417635,422396,422124,1133,1859,8
57,394415,"Stamford, CT",CT,421920.0,510558.0,554132,561085,569058,574117,1332,2915,27
58,394312,"Albuquerque, NM",NM,225635.0,267155.0,305499,309633,313525,315816,1198,2078,32
59,394308,"Albany, NY",NY,212044.0,244292.0,267738,271435,274041,276151,738,1476,0
60,394938,"Omaha, NE",NE,211160.0,243697.0,267379,270092,272241,272893,1380,2484,33
61,394908,"New Haven, CT",CT,240478.0,296873.0,326485,329147,331507,333128,1024,1904,27
62,394357,"Bakersfield, CA",CA,238758.0,285243.0,328273,332725,336408,339654,1008,2194,1
63,394753,"Knoxville, TN",TN,206652.0,247647.0,301161,306771,313430,317268,1435,2709,22
64,394653,"Greenville, SC",SC,215879.0,244361.0,290098,296266,302039,305625,1282,2440,34
65,394952,"Ventura, CA",CA,620685.0,749816.0,859081,866672,867073,862768,839,1590,1
66,394318,"Allentown, PA",PA,221679.0,265025.0,296080,299171,301368,303316,1097,2144,4
67,394561,"El Paso, TX",TX,141488.0,166896.0,188461,192124,195788,198095,756,1735,3
68,394367,"Baton Rouge, LA",LA,192156.0,206059.0,229282,232284,234542,236030,965,2212,28
69,394521,"Dayton, OH",OH,144752.0,168966.0,187205,188776,189967,190794,1147,2197,18
70,394843,"McAllen, TX",TX,126709.0,142293.0,163795,166478,169138,171786,425,1390,3
71,394486,"Columbia, SC",SC,169085.0,193193.0,227477,231861,235583,238556,1219,2351,34
72,394648,"Greensboro, NC",NC,165280.0,193103.0,224149,228057,231400,233676,243,391,17
73,394304,"Akron, OH",OH,161460.0,184064.0,202473,205319,207722,209380,1051,1871,18
74,753906,"North Port-Sarasota-Bradenton, FL",FL,288620.0,352600.0,469135,483626,496134,502186,1996,4591,6
75,394798,"Little Rock, AR",AR,155451.0,172199.0,191444,193357,195648,197368,1074,2589,35
76,395134,"Stockton, CA",CA,382850.0,489328.0,556060,564982,564855,562926,786,1677,1
77,394457,"Charleston, SC",SC,285395.0,334247.0,400622,408599,416077,421380,1521,2893,34
78,395143,"Syracuse, NY",NY,155378.0,177652.0,194307,196740,198798,200830,761,1316,0
79,394484,"Colorado Springs, CO",CO,339134.0,425432.0,484011,490682,495226,493906,1901,3240,15
80,395235,"Winston-Salem, NC",NC,165777.0,193886.0,228676,232601,236279,239382,0,344,17
81,395224,"Wichita, KS",KS,149894.0,170314.0,186856,188645,190106,191597,863,1477,36
82,395115,"Springfield, MA",MA,246574.0,286077.0,313671,316994,319784,320626,647,1110,8
83,394440,"Fort Myers, FL",FL,249436.0,302797.0,404530,417376,427172,430131,2236,5654,6
84,394399,"Boise City, ID",ID,334635.0,482814.0,514677,514265,514758,511618,1590,3277,37
85,395160,"Toledo, OH",OH,132089.0,151029.0,164444,166120,168023,170015,825,1552,18
86,394816,"Madison, WI",WI,294853.0,333215.0,371831,375294,377532,378026,864,2141,24
87,394766,"Lakeland, FL",FL,199132.0,236929.0,296902,304704,311201,316009,1337,3069,6
88,394931,"Ogden, UT",UT,345767.0,446334.0,532486,536184,535307,530978,955,1865,30
89,394528,"Daytona Beach, FL",FL,230811.0,274311.0,340348,349000,356025,360222,1701,4060,6
90,394531,"Des Moines, IA",IA,213839.0,237824.0,260978,263117,265784,267483,1065,2561,38
91,394711,"Jackson, MS",MS,142114.0,161985.0,182284,184456,185759,186112,629,1411,39
92,395245,"Youngstown, OH",OH,104374.0,128005.0,144010,145374,146884,147694,660,1308,18
93,394352,"Augusta, GA",GA,163917.0,187635.0,214216,216952,219945,222695,878,1775,7
94,395075,"Scranton, PA",PA,124799.0,149199.0,170310,172219,174252,176105,510,1053,4
95,394666,"Harrisburg, PA",PA,199573.0,226669.0,251250,253288,255541,257319,676,1342,4
96,394957,"Melbourne, FL",FL,233263.0,280752.0,343459,353147,360652,365057,1363,2684,6
97,394460,"Chattanooga, TN",TN,188393.0,224003.0,264697,269502,273970,276919,876,1685,22
98,395113,"Spokane, WA",WA,295689.0,379578.0,445250,449541,452937,451367,1039,1879,11
99,395006,"Provo, UT",UT,385855.0,501080.0,581393,590713,594874,589568,779,1627,30
100,394768,"Lancaster, PA",PA,242347.0,283480.0,314189,318329,322460,324538,506,935,4
101,394871,"Modesto, CA",CA,343721.0,412537.0,466408,469482,471469,472100,586,1121,1
102,394997,"Portland, ME",ME,339068.0,418322.0,466703,472016,475400,477252,860,1440,40
103,394549,"Durham, NC",NC,280337.0,332089.0,413892,424584,433642,437424,783,1328,17
104,395068,"Santa Rosa, CA",CA,650130.0,756199.0,812605,824009,830410,829322,497,1015,1
105,394792,"Lexington, KY",KY,202522.0,229641.0,261148,264939,268021,269696,743,1276,26
106,394761,"Lafayette, LA",LA,162517.0,174420.0,190990,192581,194543,196372,395,1031,28
107,394770,"Lansing, MI",MI,172319.0,194891.0,214163,215704,217502,218952,695,1281,9
108,394590,"Fayetteville, AR",AR,204732.0,249015.0,293456,299939,305913,310329,874,1636,35
109,394971,"Pensacola, FL",FL,199877.0,236047.0,284004,289454,294229,297031,1042,2125,6
110,395195,"Visalia, CA",CA,238990.0,282828.0,324714,330609,334673,334142,350,753,1
111,395096,"Shreveport, LA",LA,118699.0,124849.0,133106,133948,135064,135741,336,840,28
112,395116,"Springfield, MO",MO,166879.0,193255.0,228977,232473,235835,238408,759,1319,13
113,395244,"York, PA",PA,198243.0,235891.0,257047,260696,261451,262635,582,1360,4
114,394502,"Corpus Christi, TX",TX,175044.0,193623.0,214558,217429,219851,221998,688,1799,3
115,394596,"Flint, MI",MI,132446.0,158925.0,175110,175956,175834,175925,643,1376,9
116,395019,"Reno, NV",NV,396342.0,504232.0,577477,581096,582555,575242,865,1885,19
117,394338,"Asheville, NC",NC,284986.0,336493.0,392486,398585,404463,408491,799,1576,17
118,394995,"Port St. Lucie, FL",FL,248155.0,300197.0,382753,393799,404799,411402,1125,2709,6
119,753917,"Santa Maria-Santa Barbara, CA",CA,657903.0,799154.0,932815,948623,963471,967590,325,627,1
120,394698,"Huntsville, AL",AL,208383.0,247569.0,294802,299042,303252,306217,776,1639,29
121,394612,"Fort Wayne, IN",IN,159642.0,184172.0,205603,208658,211286,212087,602,946,20
122,395050,"Salinas, CA",CA,615297.0,732822.0,819806,833583,842203,843937,256,558,1
123,395183,"Vallejo, CA",CA,460945.0,549894.0,619304,620396,617533,614440,556,1049,1
124,394870,"Mobile, AL",AL,134595.0,157162.0,178168,179667,180992,181800,523,1206,29
125,395015,"Reading, PA",PA,197662.0,226630.0,259692,262320,264369,266170,476,765,4
126,394421,"Brownsville, TX",TX,115716.0,138304.0,162813,165513,168227,170777,232,660,3
127,394746,"Killeen, TX",TX,167372.0,199895.0,246783,252489,257621,262077,864,1501,3
128,394439,"Canton, OH",OH,142667.0,165738.0,181617,183211,184755,185719,524,907,18
129,394372,"Beaumont, TX",TX,134693.0,145399.0,157773,158598,160083,162166,484,1412,3
130,394820,"Manchester, NH",NH,322360.0,391871.0,442271,445855,447392,448083,541,798,41
131,395048,"Salem, OR",OR,324822.0,391711.0,436276,442036,446239,447693,565,1045,16
132,394327,"Anchorage, AK",AK,314808.0,323434.0,341021,347830,357237,364410,666,1277,42
133,394520,"Davenport, IL",IL,137094.0,147831.0,158569,159857,161087,161632,525,1027,2
134,394972,"Peoria, IL",IL,116046.0,127413.0,138575,139667,141113,142500,638,1182,2
135,394898,"Myrtle Beach, SC",SC,217932.0,251129.0,317917,326878,335135,341674,1251,3399,34
136,394875,"Montgomery, AL",AL,140928.0,158113.0,178279,180893,182914,184714,540,1193,29
137,395051,"Salisbury, MD",DE,270599.0,320781.0,376028,380159,382760,384644,731,1920,43
138,394658,"Gulfport, MS",MS,146486.0,164881.0,190439,193457,197016,199257,618,1535,39
139,395146,"Tallahassee, FL",FL,188149.0,216421.0,244902,247886,250822,253287,514,1014,6
140,395164,"Trenton, NJ",NJ,260551.0,306445.0,343752,351021,354727,356133,441,964,44
141,394589,"Fayetteville, NC",NC,138541.0,160627.0,182713,186052,189331,192624,680,1082,17
142,394679,"Hickory, NC",NC,162526.0,190482.0,217262,219828,223671,227019,379,695,17
143,394697,"Huntington, WV",WV,105763.0,115155.0,126099,126464,127108,127804,309,788,45
144,394576,"Eugene, OR",OR,332412.0,404077.0,456491,460858,463904,464943,513,928,16
145,395033,"Rockford, IL",IL,126257.0,147307.0,166270,167418,168712,169416,467,823,2
146,395070,"Savannah, GA",GA,204184.0,232506.0,278676,283813,290245,294837,707,1338,7
147,394332,"Ann Arbor, MI",MI,304284.0,337100.0,370743,375738,378960,380880,501,957,9
148,394927,"Ocala, FL",FL,170320.0,198260.0,253436,260314,266768,272308,743,1750,6
149,394732,"Kalamazoo, MI",MI,184291.0,214874.0,234233,237010,240645,243357,488,950,9
150,394901,"Naples, FL",FL,350056.0,425488.0,587487,609134,628739,638048,1016,2992,6
151,395107,"South Bend, IN",IN,145695.0,169967.0,195570,197336,198257,198538,468,868,20
152,395109,"Spartanburg, SC",SC,167459.0,192774.0,228661,232710,236113,239789,451,1020,34
153,394579,"Evansville, IN",IN,147536.0,171425.0,188149,189214,190199,190606,413,788,20
154,394747,"Kingsport, TN",TN,138941.0,156987.0,180213,180713,182515,184057,379,700,22
155,395028,"Roanoke, VA",VA,191031.0,217325.0,240454,242943,246399,249485,430,802,21
156,394646,"Green Bay, WI",WI,193570.0,225823.0,247186,249942,252501,254201,376,1003,24
157,394796,"Lincoln, NE",NE,213577.0,248231.0,271123,274294,275888,275570,473,928,33
158,394602,"Fort Collins, CO",CO,425253.0,489302.0,568532,579167,585565,585636,717,1807,15
159,395179,"Utica, NY",NY,140086.0,166066.0,183690,184780,186312,188684,284,589,0
160,394488,"Columbus, GA",GA,129682.0,147188.0,163107,164802,166788,168691,433,911,7
161,394405,"Boulder, CO",CO,578557.0,691242.0,797805,814781,816751,809342,547,1225,15
162,394808,"Lubbock, TX",TX,154974.0,174894.0,200190,202340,204325,206256,488,982,3
163,394572,"Erie, PA",PA,136290.0,156997.0,174488,177221,179363,180767,279,552,4
164,394609,"Fort Smith, AR",AR,115000.0,126835.0,142638,143703,144817,146198,307,742,35
165,394543,"Duluth, MN",MN,175672.0,198919.0,222096,226759,230165,232226,431,732,12
166,394348,"Atlantic City, NJ",NJ,211979.0,258523.0,304122,308656,312019,310250,430,1333,44
167,394924,"New London, CT",CT,252471.0,306842.0,333757,340084,341928,342922,383,740,27
168,395061,"San Luis Obispo, CA",CA,640343.0,745337.0,860979,872235,882308,887048,341,695,1
169,394622,"Gainesville, FL",FL,207168.0,235234.0,273078,277597,282636,286292,404,862,6
170,395065,"Santa Cruz, CA",CA,872799.0,1091642.0,1291368,1308379,1305586,1291728,217,457,1
171,394471,"Clarksville, TN",TN,187714.0,218904.0,261832,265298,269819,273592,645,1092,22
172,394447,"Cedar Rapids, IA",IA,166380.0,184342.0,202501,205176,206601,207307,444,896,38
173,394851,"Merced, CA",CA,284398.0,350156.0,412608,417962,420846,423167,244,597,1
174,395229,"Wilmington, NC",NC,271066.0,309568.0,376927,384653,390913,396550,543,1014,17
175,394741,"Kennewick, WA",WA,315952.0,363854.0,427073,432227,435620,438413,377,726,11
176,394645,"Greeley, CO",CO,390353.0,450684.0,527992,535058,538804,538171,655,1440,15
177,395197,"Waco, TX",TX,173247.0,205640.0,249988,255093,258362,260093,383,796,3
178,394937,"Olympia, WA",WA,367323.0,459177.0,521436,526575,534002,539452,561,918,11
179,394323,"Amarillo, TX",TX,147828.0,170643.0,195763,198129,200106,201695,353,761,3
180,394387,"Binghamton, NY",NY,126749.0,146867.0,160138,161922,163287,164248,272,624,0
181,394660,"Hagerstown, WV",MD,208350.0,246604.0,277440,280239,283644,286926,403,788,14
182,394412,"Bremerton, WA",WA,412250.0,503263.0,579477,582509,584160,584772,471,825,11
183,394772,"Laredo, TX",TX,160632.0,165486.0,184864,185174,186334,186512,126,374,3
184,394811,"Lynchburg, VA",VA,191547.0,215308.0,243761,247692,251512,254962,295,553,21
185,395240,"Yakima, WA",WA,251964.0,294054.0,334119,337029,339499,340184,216,464,11
186,753875,"Crestview-Fort Walton Beach-Destin, FL",FL,295525.0,352355.0,425718,434015,441452,446948,1027,2574,6
187,395161,"Topeka, KS",KS,137893.0,156490.0,171463,172659,174593,176193,307,498,36
188,394813,"Macon-Bibb County, GA",GA,113315.0,129958.0,151907,153838,156706,158997,309,788,7
189,394454,"Champaign-Urbana, IL",IL,148809.0,164309.0,179226,181547,183565,185135,301,567,2
190,395171,"Tuscaloosa, AL",AL,172163.0,189854.0,212150,213953,216571,218998,305,703,29
191,394483,"College Station, TX",TX,217200.0,234940.0,265833,269813,274474,278534,335,751,3
192,395103,"Sioux Falls, SD",SD,235352.0,267567.0,302967,305871,308652,311761,385,993,46
193,394455,"Charleston, WV",WV,102232.0,111700.0,124035,123631,124095,124382,199,538,45
194,394334,"Appleton, WI",WI,202039.0,232578.0,258992,264463,268043,269054,278,806,24
195,394464,"Chico, CA",CA,326289.0,376559.0,407728,410548,412570,414164,254,650,1
196,394459,"Charlottesville, VA",VA,318312.0,358421.0,392748,396614,400052,403280,330,698,21
197,394468,"Claremont, NH",NH,230918.0,273603.0,325742,330019,336274,343272,380,742,41
198,394361,"Barnstable Town, MA",MA,453631.0,585817.0,669959,681621,689113,695276,514,1010,8
199,394803,"Longview, TX",TX,154416.0,166450.0,192382,194506,197218,200095,253,683,3
200,394429,"Burlington, VT",VT,321346.0,358544.0,412994,418021,421685,425516,238,402,47
201,395002,"Prescott, AZ",AZ,329506.0,428002.0,501070,508119,511419,513674,543,1391,10
202,395114,"Springfield, IL",IL,138146.0,147299.0,161265,164201,165399,166961,267,442,2
203,395174,"Tyler, TX",TX,185782.0,208603.0,239017,243636,248753,252352,330,687,3
204,394773,"Las Cruces, NM",NM,185508.0,217304.0,243032,246938,250295,254497,210,494,32
205,394585,"Fargo, ND",ND,234688.0,254050.0,274598,277526,280197,282439,343,730,48
206,394691,"Houma, LA",LA,163680.0,168677.0,179843,180824,182568,184170,158,439,28
207,395030,"Rochester, MN",MN,245371.0,274094.0,301272,302939,304455,305481,316,634,12
208,394597,"Florence, SC",SC,127530.0,141331.0,160852,163358,165972,168192,193,448,34
209,394848,"Medford, OR",OR,333956.0,392865.0,440948,444092,445200,443756,387,1031,16
210,753895,"Lafayette-West Lafayette, IN",IN,177674.0,203299.0,232068,233897,235632,236864,278,434,20
211,394378,"Bellingham, WA",WA,437142.0,526406.0,632014,637964,644354,648600,407,773,11
212,394765,"Lake Havasu City, AZ",AZ,248122.0,317484.0,368070,374314,379341,382051,451,1312,10
213,395047,"Saginaw, MI",MI,106650.0,128446.0,143285,143935,144950,145678,248,473,9
214,394763,"Lake Charles, LA",LA,193668.0,198159.0,225807,227770,229729,230283,258,883,28
215,394726,"Johnson City, TN",TN,160127.0,181916.0,218751,218334,220584,223862,273,471,22
216,394565,"Elkhart, IN",IN,173187.0,200779.0,234427,237210,237179,237483,224,365,20
217,395247,"Yuma, AZ",AZ,172519.0,215276.0,256863,262247,266615,269262,217,630,10
218,395011,"Racine, WI",WI,160390.0,186914.0,204473,205460,208026,210174,208,479,24
219,394346,"Athens, GA",GA,222599.0,250872.0,300248,303028,307257,310961,247,509,7
220,395162,"Torrington, CT",CT,254921.0,318039.0,344135,348183,350997,353107,312,721,27
221,395118,"St. Cloud, MN",MN,225743.0,259252.0,286582,290343,293529,295999,281,553,12
222,394681,"Hilton Head Island, SC",SC,324479.0,373174.0,471845,483783,494955,503060,557,1187,34
223,753869,"Bloomington, IL",IL,155943.0,172344.0,197094,201224,204688,207076,290,437,2
224,394680,"Hilo, HI",HI,397058.0,457360.0,568316,583607,595340,602713,262,690,31
225,394960,"Panama City, FL",FL,242262.0,276311.0,337087,343638,349196,353064,704,1863,6
226,394748,"Kingston, NY",NY,248580.0,335421.0,366125,369754,373088,375557,228,618,0
227,394519,"Daphne, AL",AL,249663.0,290466.0,349603,352856,355697,359133,643,1553,29
228,394623,"Gainesville, GA",GA,246091.0,292224.0,366239,370996,377135,380580,317,745,7
229,395202,"Warner Robins, GA",GA,152906.0,168413.0,192836,196878,200618,204358,307,639,7
230,394392,"Blacksburg, VA",VA,201612.0,225346.0,244941,245886,248300,250873,192,376,21
231,394716,"Jacksonville, NC",NC,175383.0,196036.0,226890,230877,234925,238656,503,833,17
232,395018,"Redding, CA",CA,280932.0,342979.0,374038,377725,380062,380864,245,718,1
233,394872,"Monroe, LA",LA,138636.0,150560.0,165507,166556,167339,167683,148,333,28
234,394729,"Joplin, MO",MO,138195.0,151608.0,175255,178315,181197,184275,237,551,13
235,394559,"El Centro, CA",CA,223170.0,284915.0,317059,321062,326356,335625,88,175,1
236,395151,"Terre Haute, IN",IN,99653.0,110855.0,121858,123495,125578,127460,201,413,20
237,394896,"Muskegon, MI",MI,156586.0,186382.0,212473,214154,215805,216648,245,464,9
238,394553,"East Stroudsburg, PA",PA,183430.0,245570.0,288221,292040,295297,297448,428,1044,4
239,395102,"Sioux City, IA",IA,146675.0,162087.0,175459,176630,178304,180460,178,317,38
240,395210,"Waterloo, IA",IA,146509.0,156314.0,169772,170885,172179,174336,254,438,38
241,394944,"Oshkosh, WI",WI,168214.0,197706.0,218310,219027,220163,220916,222,589,24
242,395246,"Yuba City, CA",CA,316782.0,377013.0,433172,436710,441158,443483,211,481,1
243,394299,"Abilene, TX",TX,141065.0,158980.0,178761,181031,182951,184174,268,544,3
244,394485,"Columbia, MO",MO,206754.0,235846.0,266949,270989,272501,273536,266,470,13
245,394539,"Dover, DE",DE,241172.0,276911.0,313962,317586,321517,324080,235,528,43
246,394555,"Eau Claire, WI",WI,199246.0,226874.0,251058,254201,258371,261126,215,581,24
247,394720,"Janesville, WI",WI,162258.0,187715.0,202351,206073,209570,211467,220,524,24
248,394710,"Jackson, MI",MI,158616.0,179658.0,200890,203143,205475,205834,235,632,9
249,395009,"Punta Gorda, FL",FL,232285.0,285581.0,381278,396250,406256,410549,601,1634,6
250,394393,"Bloomington, IN",IN,214461.0,244194.0,274978,276732,278921,280716,218,462,20
251,395007,"Pueblo, CO",CO,210835.0,255242.0,304378,308110,310433,311188,351,721,15
252,394386,"Billings, MT",MT,271882.0,309276.0,353849,361223,367846,372702,278,558,49
253,394406,"Bowling Green, KY",KY,173692.0,181036.0,209474,210654,211966,214079,188,527,26
254,394380,"Bend, OR",OR,443047.0,597511.0,690818,703622,708048,702859,481,1096,16
255,394306,"Albany, GA",GA,112377.0,123905.0,139492,140119,142042,144022,150,360,7
256,395193,"Vineland, NJ",NJ,147334.0,186897.0,210082,211608,213736,215051,173,441,44
257,394917,"Niles, MI",MI,189452.0,218525.0,251511,254090,255284,254647,266,753,9
258,394731,"Kahului, HI",HI,730201.0,800381.0,1019919,1046876,1066421,1086302,192,510,31
259,394946,"Ottawa, IL",IL,117176.0,132218.0,146690,147679,149489,151190,170,413,2
260,395125,"State College, PA",PA,260426.0,278197.0,305176,308844,311576,313783,139,257,4
261,394359,"Bangor, ME",ME,164844.0,208305.0,235486,236654,241391,243076,226,455,40
262,394314,"Alexandria, LA",LA,153078.0,155800.0,166235,168524,170417,172278,130,344,28
263,394523,"Decatur, AL",AL,141313.0,165207.0,187239,189425,191970,194269,181,384,29
264,394662,"Hanford, CA",CA,243029.0,282791.0,324686,330138,334605,338328,84,195,1
265,394707,"Iowa City, IA",IA,234403.0,245543.0,269783,273291,276797,280207,257,517,38
266,395036,"Rocky Mount, NC",NC,120100.0,145955.0,167690,170317,173269,176546,140,295,17
267,394873,"Monroe, MI",MI,189239.0,215011.0,229196,231215,233943,235922,208,412,9
268,395223,"Wichita Falls, TX",TX,103544.0,126031.0,146366,147469,148070,148868,253,509,3
269,394428,"Burlington, NC",NC,172942.0,206435.0,256788,261302,265924,269734,142,220,17
270,394814,"Madera, CA",CA,295690.0,345035.0,406110,411114,417457,421326,163,416,1
271,394723,"Jefferson City, MO",MO,164695.0,187655.0,210303,211827,214576,216869,166,304,13
272,394453,"Chambersburg, PA",PA,189137.0,218039.0,238241,241095,243545,245515,156,304,4
273,395152,"Texarkana, TX",TX,117118.0,129143.0,144014,144934,146843,148620,125,419,3
274,394563,"Elizabethtown, KY",KY,163669.0,189241.0,211070,213526,215501,217206,182,377,26
275,395000,"Pottsville, PA",PA,88285.0,110026.0,126606,127663,128594,128887,185,379,4
276,395221,"Wheeling, OH",OH,105014.0,115737.0,126608,127165,128085,128951,125,376,18
277,394598,"Florence, AL",AL,122515.0,140950.0,162715,164522,166234,168360,186,421,29
278,394639,"Grand Junction, CO",CO,282402.0,335765.0,383080,388762,392191,393671,342,698,15
279,394493,"Concord, NH",NH,280350.0,337455.0,392014,396693,401879,406240,212,337,41
280,394537,"Dothan, AL",AL,128362.0,140143.0,157962,160474,162840,164887,167,434,29
281,395066,"Santa Fe, NM",NM,395904.0,458372.0,533186,540475,547731,553601,251,516,32
282,394727,"Johnstown, PA",PA,83251.0,91921.0,102309,102501,103185,104156,123,290,4
283,395163,"Traverse City, MI",MI,255159.0,308281.0,353680,358241,362727,366876,311,618,9
284,394671,"Hattiesburg, MS",MS,148578.0,159986.0,176817,177588,179451,181059,188,388,39
285,394515,"Dalton, GA",GA,148239.0,173349.0,198543,204211,207736,210917,130,330,7
286,394860,"Midland, TX",TX,264805.0,266815.0,286005,287521,289711,290616,291,852,3
287,394685,"Homosassa Springs, FL",FL,176789.0,217002.0,266513,272521,278973,284224,413,930,6
288,394351,"Auburn, AL",AL,211895.0,235707.0,260151,265097,270303,276579,224,557,29
289,395182,"Valdosta, GA",GA,131839.0,150450.0,171620,174350,177082,179240,193,436,7
290,394480,"Coeur d'Alene, ID",ID,375478.0,513487.0,595591,593196,587171,576220,445,975,37
291,395117,"Springfield, OH",OH,123613.0,151677.0,158849,160907,163490,164958,177,292,18
292,395119,"St. George, UT",UT,353334.0,457226.0,550472,558352,565965,571155,408,950,30
293,395079,"Vero Beach, FL",FL,245022.0,280063.0,368320,378694,387542,394366,405,994,6
294,394900,"Napa, CA",CA,698543.0,839517.0,913057,921295,921900,926148,126,321,1
295,395170,"Tupelo, MS",MS,127014.0,136952.0,151600,152254,153702,154930,120,307,39
296,394368,"Battle Creek, MI",MI,128000.0,150391.0,171993,173557,173246,171881,204,427,9
297,394719,"Jamestown, NY",NY,110233.0,125718.0,147328,151470,155414,158383,144,288,0
298,394577,"Eureka, CA",CA,333693.0,392841.0,471389,476221,481866,486490,132,346,1
299,395013,"Rapid City, SD",SD,234608.0,280899.0,329290,332686,334795,336844,203,374,46
300,394595,"Flagstaff, AZ",AZ,383438.0,499566.0,612826,630614,639178,639707,239,578,10
301,394810,"Lumberton, NC",NC,80238.0,90370.0,101962,102627,104248,105852,52,110,17
302,395215,"Wausau, WI",WI,180048.0,199196.0,222007,224187,225493,226090,153,402,24
303,394756,"La Crosse, WI",WI,207500.0,235310.0,258431,260676,262627,264538,127,203,24
304,394783,"Lebanon, PA",PA,197833.0,228961.0,252854,256229,259644,262363,143,299,4
305,394703,"Idaho Falls, ID",ID,269204.0,344148.0,402071,405652,410784,414504,272,644,37
306,395098,"Sierra Vista, AZ",AZ,169059.0,194475.0,230246,233797,236420,238588,206,580,10
307,394983,"Pittsfield, MA",MA,243638.0,293336.0,341643,345883,349065,348493,185,436,8
308,394780,"Lawton, OK",OK,99827.0,108456.0,120227,121603,122905,123954,194,435,25
309,394588,"Farmington, NM",NM,147914.0,176490.0,203872,207146,210448,213885,88,217,32
310,394712,"Jackson, TN",TN,126242.0,150921.0,173782,175622,179521,182220,159,309,22
311,394879,"Morgantown, WV",WV,167608.0,188980.0,201586,203075,204896,206495,128,433,45
312,394633,"Glens Falls, NY",NY,192359.0,222965.0,254163,256401,258406,260063,176,424,0
313,395232,"Winchester, VA",VA,252032.0,291183.0,323100,326084,329671,331892,222,414,21
314,395120,"St. Joseph, MO",MO,123939.0,140637.0,152469,154532,157271,159804,160,323,13
315,394321,"Altoona, PA",PA,124636.0,130666.0,144815,146284,147724,148805,119,258,4
316,394905,"New Bern, NC",NC,166348.0,184410.0,214314,218660,222817,226127,205,429,17
317,394442,"Carbondale, IL",IL,102810.0,112717.0,120564,121078,122204,123547,87,222,2
318,394802,"London, KY",KY,103700.0,116452.0,130174,131310,132964,134569,122,277,26
319,394800,"Logan, ID",UT,300781.0,372382.0,462754,471864,478936,481165,180,454,30
320,394668,"Harrisonburg, VA",VA,232001.0,257583.0,279455,280423,283577,286770,126,233,21
321,394374,"Beckley, WV",WV,83609.0,88171.0,96307,96682,97226,97597,95,234,45
322,394824,"Mansfield, OH",OH,120531.0,145907.0,161807,164302,166535,168808,141,284,18
323,395217,"Weirton, OH",OH,88412.0,98223.0,108278,108729,109551,110313,110,270,18
324,394635,"Goldsboro, NC",NC,136813.0,157999.0,183146,187345,190752,194183,136,215,17
325,394353,"Augusta, ME",ME,187506.0,242784.0,266122,271818,274172,277401,199,340,40
326,394661,"Hammond, LA",LA,166961.0,177143.0,203654,207059,208841,209453,117,292,28
327,394728,"Jonesboro, AR",AR,137787.0,150233.0,176188,178540,180827,182408,179,451,35
328,395094,"Sherman, TX",TX,185791.0,217773.0,270918,277611,283275,286560,275,630,3
329,394333,"Anniston, AL",AL,107138.0,126308.0,143847,145186,146078,146680,139,335,29
330,395128,"Staunton, VA",VA,209045.0,232605.0,252131,253256,256089,258970,151,316,21
331,394893,"Muncie, IN",IN,99547.0,115906.0,135378,137433,138141,138419,160,296,20
332,394890,"Mount Vernon, WA",WA,403725.0,492477.0,583095,586237,592314,593903,210,423,11
333,394307,"Albany, OR",OR,295296.0,348212.0,405278,410287,413690,413956,181,335,16
334,395213,"Watertown, NY",NY,150301.0,166114.0,179832,183030,185982,188214,168,361,0
335,395225,"Williamsport, PA",PA,173661.0,181937.0,200636,201803,202712,202903,91,212,4
336,394474,"Cleveland, TN",TN,183710.0,209243.0,251486,254078,259721,264532,187,374,22
337,395089,"Sheboygan, WI",WI,161231.0,186548.0,206782,209909,212026,212885,89,197,24
338,394390,"Bismarck, ND",ND,275617.0,296324.0,316578,319594,321568,323349,174,411,48
339,394949,"Owensboro, KY",KY,135264.0,149845.0,172775,174129,174839,175302,139,344,26
340,394546,"Dunn, NC",NC,180599.0,210028.0,248203,253789,258965,263143,226,395,17
341,395237,"Wooster, OH",OH,234843.0,267370.0,353607,365790,375408,392561,98,166,18
342,394880,"Morristown, TN",TN,160586.0,183821.0,219519,225575,229932,232958,142,345,22
343,394734,"Kankakee, IL",IL,151269.0,165967.0,184377,186249,188179,189715,147,310,2
344,394423,"Brunswick, GA",GA,199745.0,227895.0,271808,277669,283226,287980,190,485,7
345,394932,"Ogdensburg, NY",NY,79424.0,97679.0,111865,114929,116455,117523,118,361,0
346,395054,"San Angelo, TX",TX,163108.0,176664.0,193757,194944,196148,196905,180,396,3
347,394857,"Michigan City, IN",IN,158555.0,184196.0,211871,216334,219829,222034,154,286,20
348,753890,"Holland, MI",MI,217625.0,249838.0,288693,291169,294059,296795,164,311,9
349,395218,"Wenatchee, WA",WA,381145.0,449258.0,525229,529590,536166,542337,191,410,11
350,394778,"Lawrence, KS",KS,214646.0,251423.0,278984,280825,279955,278819,170,288,36
351,394524,"Decatur, IL",IL,91975.0,99655.0,111782,112650,113767,114681,165,341,2
352,394867,"Missoula, MT",MT,366603.0,480476.0,582421,586124,594825,597707,150,293,49
353,753915,"Salem, OH",OH,111923.0,117702.0,130019,130955,132741,134389,94,200,18
354,394369,"Bay City, MI",MI,114630.0,133566.0,150964,152765,154266,155477,159,300,9
355,394788,"Lewiston, ME",ME,197181.0,251000.0,286797,288753,290893,294192,139,225,40
356,395039,"Roseburg, OR",OR,236656.0,280437.0,324813,330082,333053,335265,145,384,16
357,395139,"Sumter, SC",SC,132802.0,148318.0,168379,170930,173182,175653,136,261,34
358,395095,"Show Low, AZ",AZ,236927.0,309982.0,376540,381772,386408,389239,195,533,10
359,394396,"Bluefield, WV",WV,81334.0,88054.0,97210,97722,98463,99271,65,180,45
360,394518,"Danville, VA",VA,127821.0,140929.0,153287,154035,155828,157589,83,184,21
361,394794,"Lima, OH",OH,117816.0,142742.0,158581,160839,163465,164933,125,234,18
362,394495,"Cookeville, TN",TN,170924.0,201470.0,239225,243956,250246,254462,136,330,22
363,753872,"California-Lexington Park, MD",MD,305561.0,352830.0,380475,383465,385278,385859,179,356,14
364,394620,"Gadsden, AL",AL,97582.0,111114.0,131182,131864,132937,133942,118,311,29
365,394513,"Cumberland, MD",MD,96320.0,109964.0,123705,126515,126779,126515,91,244,14
366,394804,"Longview, WA",WA,305349.0,357498.0,409069,413197,416922,418824,187,368,11
367,395222,"Whitewater, WI",WI,242121.0,284018.0,310733,313149,314984,317649,93,232,24
368,394599,"Fond du Lac, WI",WI,150805.0,173512.0,190756,190894,191772,193218,121,305,24
369,394709,"Ithaca, NY",NY,229424.0,246989.0,284490,288734,295445,298998,99,188,0
370,394340,"Ashtabula, OH",OH,116133.0,124809.0,147031,150060,153094,153418,110,236,18
371,394630,"Gettysburg, PA",PA,223401.0,248223.0,271766,275318,279232,282314,109,229,4
372,394980,"Pine Bluff, AR",AR,65373.0,72483.0,82050,82509,83097,83657,67,206,35
373,395168,"Tullahoma, TN",TN,168050.0,189942.0,235683,242155,247010,251171,160,346,22
374,395023,"Richmond, KY",KY,173489.0,198329.0,220005,222152,224440,226561,122,245,26
375,394302,"Adrian, MI",MI,165701.0,189462.0,220213,223724,227199,229720,162,409,9
376,395173,"Twin Falls, ID",ID,237620.0,312410.0,378231,383135,386200,384668,198,458,37
377,394501,"Corning, NY",NY,110683.0,126677.0,134989,141658,144510,148770,99,236,0
378,395080,"Sebring, FL",FL,151813.0,180480.0,219065,224147,230139,235043,183,544,6
379,395166,"Truckee, CA",CA,473703.0,625147.0,660718,661406,663256,664825,285,752,1
380,394953,"Paducah, KY",KY,114480.0,126907.0,142095,144418,145343,147524,105,347,26
381,394637,"Grand Forks, ND",ND,211846.0,223587.0,242541,245336,248351,250421,134,304,48
382,395090,"Shelby, NC",NC,157024.0,177505.0,200492,205900,209700,213710,118,233,17
383,394580,"Fairbanks, AK",AK,182846.0,197694.0,195065,192923,190872,188854,184,365,42
384,394928,"Ocean City, NJ",NJ,422057.0,518579.0,615430,622548,630044,634345,275,855,44
385,394823,"Mankato, MN",MN,219751.0,241839.0,263877,267198,270966,275037,135,247,12
386,395038,"Rome, GA",GA,140965.0,159829.0,193206,194323,198258,201886,119,288,7
387,394441,"Cape Girardeau, MO",MO,160946.0,180714.0,205923,209235,211964,213189,114,233,13
388,394689,"Hot Springs, AR",AR,160778.0,193895.0,225976,228842,232149,234701,152,451,35
389,394655,"Greenwood, SC",SC,119816.0,133157.0,152525,153968,156533,157202,88,213,34
390,395140,"Sunbury, PA",PA,111629.0,126120.0,137671,138242,139763,141259,85,192,4
391,394469,"Clarksburg, WV",WV,108628.0,116653.0,128919,129563,130073,130601,66,241,45
392,395145,"Talladega, AL",AL,111188.0,124683.0,140194,141417,143287,144848,82,217,29
393,394542,"Dubuque, IA",IA,189825.0,206204.0,229075,234861,238340,242281,124,212,38
394,395153,"The Villages, FL",FL,299418.0,310966.0,394928,410113,423381,435667,160,436,6
395,394311,"Albertville, AL",AL,142261.0,163147.0,187992,191228,193144,191872,114,268,29
396,394821,"Manhattan, KS",KS,205936.0,226373.0,237301,238072,241034,244177,127,277,36
397,394911,"New Philadelphia, OH",OH,126226.0,149086.0,168891,171074,173998,176721,95,164,18
398,394942,"Orangeburg, SC",SC,96559.0,104668.0,116883,117529,119357,121049,52,148,34
399,394462,"Cheyenne, WY",WY,312800.0,317083.0,359553,364706,370232,373068,196,371,50
400,394907,"New Castle, PA",PA,111138.0,126529.0,145472,149113,151892,154473,108,229,4
401,394410,"Brainerd, MN",MN,217237.0,255990.0,292645,298029,302302,306157,224,440,12
402,394733,"Kalispell, MT",MT,373236.0,517142.0,697863,711823,717650,720969,248,605,49
403,395086,"Sevierville, TN",TN,264798.0,340250.0,432584,437005,444200,449215,347,1062,22
404,394407,"Bozeman, MT",MT,433179.0,518675.0,592802,598640,621191,648167,241,520,49
405,394882,"Moses Lake, WA",WA,235117.0,291045.0,336907,339699,345997,352349,102,240,11
406,394704,"Indiana, PA",PA,129020.0,141093.0,150840,151130,152369,153468,52,141,4
407,394568,"Elmira, NY",NY,103242.0,116458.0,132449,132180,132269,133120,106,236,0
408,394847,"Meadville, PA",PA,107971.0,120994.0,131109,131752,133194,134432,69,162,4
409,394373,"Beaver Dam, WI",WI,176457.0,202051.0,223171,227067,230205,232566,99,248,24
410,753912,"Pinehurst-Southern Pines, NC",NC,255076.0,300343.0,367006,374497,381968,387443,185,349,17
411,395175,"Ukiah, CA",CA,413999.0,472322.0,519587,521170,527881,537075,76,279,1
412,753887,"Hermiston-Pendleton, OR",OR,206141.0,254023.0,290673,293966,296349,298335,78,208,16
413,394809,"Lufkin, TX",TX,128201.0,142298.0,159284,160180,162567,164912,81,188,3
414,395248,"Zanesville, OH",OH,133002.0,144403.0,168646,170428,170718,171729,97,192,18
415,394505,"Corvallis, OR",OR,390196.0,442694.0,513152,519350,524698,528200,108,193,16
416,394395,"Bloomsburg, PA",PA,175224.0,191354.0,206882,207713,209753,211883,73,159,4
417,394776,"Laurel, MS",MS,106251.0,114082.0,127820,128815,129933,130879,49,152,39
418,395042,"Russellville, AR",AR,121932.0,132878.0,149857,152113,152781,155138,86,212,35
419,394411,"Branson, MO",MO,192666.0,218546.0,249541,244841,239259,236648,242,607,13
420,395212,"Watertown, WI",WI,231996.0,266948.0,292111,294814,298457,302427,104,261,24
421,394859,"Midland, MI",MI,158895.0,189429.0,209839,211505,212652,213348,140,217,9
422,394941,"Opelousas, LA",LA,114309.0,133303.0,142327,143134,144171,145117,43,145,28
423,394988,"Pocatello, ID",ID,219383.0,266827.0,318700,323022,325898,326208,139,319,37
424,394755,"Kokomo, IN",IN,122019.0,139148.0,155932,157594,158931,159660,135,249,20
425,394641,"Grants Pass, OR",OR,310980.0,377750.0,417724,417680,416507,413388,145,417,16
426,394699,"Huntsville, TX",TX,180771.0,202254.0,228722,230115,233697,237152,96,293,3
427,394986,"Plattsburgh, NY",NY,150770.0,160041.0,179803,183215,186227,189120,59,144,0
428,394638,"Grand Island, NE",NE,165999.0,184909.0,200380,201187,203127,204952,81,176,33
429,394541,"DuBois, PA",PA,106079.0,115892.0,126505,127097,128307,129622,74,178,4
430,394516,"Danville, IL",IL,68512.0,75076.0,80776,81141,81893,82618,69,148,2
431,394822,"Manitowoc, WI",WI,136893.0,161658.0,177674,179585,181585,183757,74,169,24
432,394644,"Great Falls, MT",MT,209223.0,243104.0,287801,293373,297357,300567,128,215,49
433,395231,"Wilson, NC",NC,125418.0,142030.0,169650,172445,175752,175259,84,142,17
434,394511,"Cullman, AL",AL,147001.0,165178.0,191975,192862,195093,197133,97,270,29
435,394936,"Olean, NY",NY,87498.0,93963.0,122702,127292,130437,133664,80,187,0
436,394350,"Auburn, NY",NY,139702.0,153844.0,174173,175794,177278,179025,78,165,0
437,394999,"Portsmouth, OH",OH,86858.0,96964.0,105255,105711,106729,107625,64,183,18
438,394345,"Athens, TX",TX,167444.0,220922.0,262410,269911,277741,283329,157,421,3
439,394925,"Oak Harbor, WA",WA,434151.0,546785.0,639336,642685,645662,646105,216,359,11
440,394465,"Chillicothe, OH",OH,130823.0,149241.0,163240,163671,165185,166599,70,119,18
441,394682,"Hinesville, GA",GA,153358.0,163276.0,187014,189443,192650,195393,150,290,7
442,395106,"Somerset, PA",PA,120635.0,133199.0,145037,145604,147102,148568,55,144,4
443,395205,"Warsaw, IN",IN,193131.0,218693.0,247180,249743,251830,254706,102,184,20
444,395133,"Stillwater, OK",OK,158307.0,166120.0,187993,188514,188825,189059,103,219,25
445,395010,"Quincy, IL",IL,121941.0,133984.0,140860,143466,145827,148387,76,142,2
446,394738,"Keene, NH",NH,219291.0,264210.0,302695,309142,314484,320465,107,188,41
447,395062,"Sandusky, OH",OH,148360.0,167743.0,201230,204052,205863,204127,94,206,18
448,395077,"Searcy, AR",AR,118165.0,138528.0,156994,159583,161740,164330,88,219,35
449,394489,"Columbus, IN",IN,183036.0,204989.0,227415,229407,231183,233164,139,257,20
450,395027,"Roanoke Rapids, NC",NC,75522.0,84512.0,94724,95197,96757,98395,40,118,17
451,394445,"Casper, WY",WY,231869.0,241827.0,269294,273709,277631,281285,151,264,50
452,394675,"Helena, MT",MT,296078.0,377996.0,436604,443878,447609,451772,128,244,49
453,394593,"Findlay, OH",OH,168559.0,182671.0,199621,201632,203072,204877,116,216,18
454,753928,"Wisconsin Rapids-Marshfield, WI",WI,128885.0,150185.0,164211,164969,168053,168525,100,256,24
455,394955,"Palatka, FL",FL,140830.0,164367.0,189528,194771,201084,206338,95,268,6
456,395085,"Seneca, SC",SC,182610.0,210528.0,261018,263874,267805,270216,134,319,34
457,394884,"Mount Airy, NC",NC,134924.0,151529.0,172298,173304,176307,177715,0,0,17
458,753881,"Glenwood Springs, CO",CO,566794.0,676945.0,764788,774328,789094,801519,145,360,15
459,394744,"Key West, FL",FL,635221.0,738917.0,933052,962367,990013,1015037,218,754,6
460,394298,"Aberdeen, WA",WA,217648.0,274100.0,339953,345792,353609,358311,189,433,11
461,394626,"Gallup, NM",NM,166334.0,184831.0,202396,203068,204146,205228,0,0,32
462,394994,"Port Angeles, WA",WA,337886.0,408638.0,511935,518186,520142,519390,131,261,11
463,753883,"Greenfield Town, MA",MA,230148.0,270673.0,299765,303716,308089,313053,72,126,8
464,394897,"Muskogee, OK",OK,86437.0,93636.0,103950,104253,105457,106585,66,155,25
465,394614,"Frankfort, KY",KY,154167.0,176292.0,196059,197999,200344,202591,98,172,26
466,394950,"Owosso, MI",MI,126591.0,147838.0,158994,161248,162783,162873,91,157,9
467,394885,"Mount Pleasant, MI",MI,144701.0,164346.0,177480,178064,179844,181717,77,151,9
468,395126,"Statesboro, GA",GA,155522.0,165200.0,199243,202803,209203,212827,68,148,7
469,394826,"Marion, IN",IN,87164.0,98306.0,111371,112672,114058,115185,80,151,20
470,395132,"Stevens Point, WI",WI,182677.0,209127.0,227001,227506,229247,231246,68,179,24
471,394866,"Minot, ND",ND,275212.0,281321.0,262050,262927,263771,264164,116,283,48
472,395088,"Shawnee, OK",OK,105623.0,115688.0,138694,139580,140442,141677,88,193,25
473,394922,"North Wilkesboro, NC",NC,141259.0,160144.0,184660,185922,189405,192866,19,36,17
474,395021,"Richmond, IN",IN,104869.0,116977.0,126523,127155,128500,129679,53,110,20
475,394647,"Greeneville, TN",TN,107651.0,135346.0,186604,190394,192546,191697,89,163,22
476,394836,"Martinsville, VA",VA,83869.0,92044.0,100375,100825,101944,103010,60,144,21
477,394600,"Forest City, NC",NC,143692.0,168771.0,194206,196831,200689,204518,98,199,17
478,394736,"Kapaa, HI",HI,639998.0,692153.0,850174,881750,902707,925503,67,174,31
479,394829,"Marquette, MI",MI,163921.0,187482.0,200063,200733,202580,204638,95,193,9
480,394762,"LaGrange, GA",GA,159649.0,173439.0,182589,186562,189699,187276,87,170,7
481,394827,"Marion, OH",OH,105166.0,120172.0,131758,132419,133904,135331,81,138,18
482,394877,"Morehead City, NC",NC,288937.0,334957.0,405647,411597,416961,421135,155,348,17
483,394752,"Klamath Falls, OR",OR,202878.0,250422.0,295489,298368,299179,300211,118,313,16
484,394825,"Marinette, WI",WI,111793.0,127927.0,136614,137006,138157,139530,96,221,24
485,395040,"Roswell, NM",NM,111182.0,127428.0,140618,141505,142941,144077,63,192,32
486,394832,"Marshall, TX",TX,150044.0,160322.0,177727,178508,181014,183624,58,163,3
487,394587,"Farmington, MO",MO,123493.0,144992.0,172612,174132,175420,177643,80,169,13
488,394456,"Charleston, IL",IL,83977.0,96114.0,100062,100918,101687,102816,62,140,2
489,394343,"Athens, OH",OH,141076.0,158486.0,167479,168001,169654,171682,44,132,18
490,394683,"Hobbs, NM",NM,174422.0,194370.0,213320,213635,215212,216629,17,45,32
491,394472,"Clearlake, CA",CA,251259.0,307982.0,344836,347444,350233,352304,114,404,1
492,394899,"Nacogdoches, TX",TX,153562.0,168566.0,186293,187260,190094,193082,46,109,3
493,394701,"Hutchinson, KS",KS,103219.0,116554.0,122635,123074,124574,126228,80,143,36
494,394586,"Faribault, MN",MN,253358.0,300021.0,319073,322482,322293,323283,88,199,12
495,394562,"Elizabeth City, NC",NC,171579.0,193433.0,218156,219361,223014,226669,95,227,17
496,753891,"Ionia, MI",MI,162193.0,190257.0,210741,211939,213809,214565,69,121,9
497,394305,"Alamogordo, NM",NM,140428.0,154463.0,169748,170440,172081,173696,93,237,32
498,395016,"Red Bluff, CA",CA,247656.0,297352.0,321238,316240,318274,322052,79,245,1
499,394693,"Hudson, NY",NY,273833.0,342792.0,373124,376387,379777,379945,77,242,0
500,395105,"Somerset, KY",KY,144795.0,166895.0,185595,186640,188130,189881,100,255,26
501,394496,"Coos Bay, OR",OR,250092.0,300112.0,358005,362667,367586,370973,106,239,16
502,395199,"Walla Walla, WA",WA,280792.0,324288.0,402234,405788,406351,408758,90,182,11
503,395071,"Sayre, PA",PA,151410.0,166018.0,179036,179191,180577,181894,46,136,4
504,394939,"Oneonta, NY",NY,157021.0,170974.0,184901,185640,187148,188621,77,238,0
505,394605,"Fort Madison, IA",IA,92621.0,100003.0,107493,107886,108590,109412,62,180,38
506,394360,"Baraboo, WI",WI,209119.0,226867.0,254184,259495,263162,266782,81,194,24
507,753903,"Marietta, OH",OH,135748.0,152951.0,164842,165359,167081,168815,64,141,18
508,395049,"Salina, KS",KS,132230.0,148418.0,158607,158725,160496,162462,77,140,36
509,395044,"Rutland, VT",VT,194632.0,224200.0,250097,252977,256447,260489,89,221,47
510,753866,"Big Stone Gap, VA",VA,75882.0,82014.0,88502,88638,89254,89892,41,103,21
511,395136,"Sturgis, MI",MI,130871.0,159226.0,186190,189027,190837,193015,75,183,9
512,395024,"Rio Grande City, TX",TX,71951.0,81294.0,92846,93183,94939,96492,6,56,3
513,394618,"Fremont, OH",OH,125348.0,140613.0,152167,152701,154187,155004,62,110,18
514,394889,"Mount Vernon, OH",OH,162823.0,187152.0,205492,206627,209003,211511,84,175,18
515,394787,"Lewiston, ID",ID,253358.0,309643.0,348302,349703,354128,358373,86,171,37
516,395092,"Shelton, WA",WA,310553.0,413125.0,448569,457768,463932,469926,141,279,11
517,394570,"Enid, OK",OK,90030.0,95516.0,103863,105312,106588,108318,88,192,25
518,753893,"Jefferson, GA",GA,245389.0,299407.0,364352,366015,370584,373383,155,386,7
519,394629,"Georgetown, SC",SC,245448.0,278516.0,335246,344366,355068,364180,117,280,34
520,394759,"Laconia, NH",NH,285730.0,356180.0,427339,433214,435506,437501,152,279,41
521,394365,"Batavia, NY",NY,144967.0,158541.0,178800,180436,181634,182781,54,88,0
522,753910,"Oxford, NC",NC,177085.0,208863.0,257322,262110,268853,276736,67,117,17
523,394490,"Columbus, MS",MS,122195.0,133846.0,146845,147507,148777,150013,70,184,39
524,394923,"Norwalk, OH",OH,124487.0,141330.0,155402,155636,156724,157691,54,111,18
525,394362,"Barre, VT",VT,236566.0,285617.0,322108,320209,325300,338507,76,126,47
526,394750,"Kinston, NC",NC,93988.0,106601.0,121609,122453,124661,126822,44,101,17
527,395131,"Sterling, IL",IL,102715.0,110056.0,116787,117162,118115,119083,86,184,2
528,394956,"Palestine, TX",TX,112323.0,125512.0,143432,144128,146320,148501,41,128,3
529,394540,"Dublin, GA",GA,110409.0,122692.0,138457,139131,141296,143300,40,98,7
530,395189,"Vicksburg, MS",MS,131611.0,141095.0,154555,155250,156506,157927,34,129,39
531,394989,"Point Pleasant, WV",WV,97012.0,107343.0,117607,118130,119095,120014,42,95,45
532,395063,"Sanford, NC",NC,154437.0,183743.0,211070,216386,223349,228966,71,119,17
533,394591,"Fergus Falls, MN",MN,244565.0,274847.0,295171,296216,298970,302063,126,274,12
534,395157,"Tiffin, OH",OH,113283.0,127753.0,138850,139336,140987,142691,62,112,18
535,394582,"Fairmont, WV",WV,112409.0,122105.0,134897,135532,136129,136729,51,189,45
536,394509,"Crossville, TN",TN,174512.0,215778.0,271383,273074,276369,277958,121,299,22
537,394977,"Picayune, MS",MS,143558.0,157563.0,174924,175706,177193,178827,47,167,39
538,394634,"Gloversville, NY",NY,121277.0,144453.0,164036,164372,164198,165924,72,168,0
539,394621,"Gaffney, SC",SC,94544.0,106053.0,114937,115684,117654,119548,43,100,34
540,394444,"Carson City, NV",NV,339119.0,427289.0,501009,502002,493865,487030,80,163,19
541,394432,"Calhoun, GA",GA,152140.0,172114.0,198880,200260,203710,207212,69,151,7
542,394861,"Milledgeville, GA",GA,136607.0,154586.0,176382,177483,180447,183428,49,148,7
543,395216,"Waycross, GA",GA,99025.0,112801.0,128305,129064,130961,132902,48,143,7
544,394933,"Oil City, PA",PA,88513.0,97761.0,105381,105903,107069,108089,44,148,4
545,394721,"Jasper, IN",IN,157129.0,179277.0,195983,196848,198607,200327,46,105,20
546,394878,"Morgan City, LA",LA,122910.0,127385.0,137439,138457,139837,140732,25,124,28
547,394551,"Eagle Pass, TX",TX,144313.0,160526.0,177843,178723,181156,183656,26,128,3
548,394940,"Ontario, OR",OR,199513.0,248630.0,281965,283599,287903,292145,88,203,16
549,394967,"Payson, AZ",AZ,237599.0,295186.0,385783,395048,402021,406923,128,349,10
550,394844,"McComb, MS",MS,108303.0,115070.0,124503,124321,124926,125633,25,82,39
551,395029,"Rochelle, IL",IL,137353.0,153357.0,175610,177959,178523,179991,60,129,2
552,395073,"Scottsboro, AL",AL,113859.0,127013.0,142029,142531,143757,145127,39,110,29
553,394517,"Danville, KY",KY,121441.0,136019.0,150788,151897,153403,154831,71,172,26
554,394339,"Ashland, OH",OH,147219.0,167470.0,180238,180884,182769,184615,65,127,18
555,394903,"Natchez, MS",MS,96546.0,102246.0,111404,112018,112687,112871,33,169,39
556,394652,"Greenville, OH",OH,144357.0,162610.0,175929,175589,176316,177094,57,139,18
557,394625,"Galesburg, IL",IL,78949.0,84791.0,90144,90414,91134,91627,53,133,2
558,395204,"Warrensburg, MO",MO,177356.0,205316.0,239000,240873,240266,240636,90,172,13
559,394737,"Kearney, NE",NE,210149.0,233260.0,251680,252370,254305,256328,48,92,33
560,394608,"Fort Polk South, LA",LA,102592.0,106670.0,114730,115250,116342,117472,31,95,28
561,394604,"Fort Leonard Wood, MO",MO,157156.0,170429.0,181238,181965,184175,185992,86,184,13
562,394632,"Glasgow, KY",KY,118800.0,136313.0,152160,153369,154734,156024,58,185,26
563,394344,"Athens, TN",TN,142140.0,158087.0,184330,188009,191689,193885,85,176,22
564,394556,"Edwards, CO",CO,770741.0,906468.0,1179698,1203411,1230208,1258585,150,382,15
565,394592,"Fernley, NV",NV,290079.0,357278.0,421093,422864,420701,417309,111,274,19
566,394838,"Mason City, IA",IA,124581.0,134854.0,144991,145335,146286,147241,77,198,38
567,394819,"Malone, NY",NY,118116.0,128427.0,139763,140324,141409,142516,55,181,0
568,395234,"Winona, MN",MN,188877.0,204356.0,223211,225815,228452,230359,59,113,12
569,394547,"Durango, CO",CO,430542.0,524701.0,643049,657158,668748,677644,132,319,15
570,394985,"Platteville, WI",WI,139190.0,156203.0,167763,168392,169808,171321,37,104,24
571,394363,"Bartlesville, OK",OK,120378.0,131886.0,152793,156356,155486,154115,89,191,25
572,394717,"Jacksonville, TX",TX,131600.0,151468.0,171523,172521,175034,177440,56,154,3
573,394566,"Elko, NV",NV,305568.0,320724.0,359343,362335,366549,370230,70,166,19
574,395020,"Rexburg, ID",ID,307489.0,355827.0,407854,409609,414893,420197,75,194,37
575,395122,"St. Marys, GA",GA,182506.0,210697.0,243534,247912,253004,257937,103,210,7
576,753911,"Ozark, AL",AL,100182.0,109148.0,120895,121520,122562,123558,41,99,29
577,394326,"Amsterdam, NY",NY,122794.0,136206.0,148596,149225,150483,151838,43,110,0
578,394571,"Enterprise, AL",AL,136532.0,151981.0,164202,165496,167551,169038,85,171,29
579,394963,"Paris, TX",TX,114377.0,134205.0,154014,154895,157448,159916,59,167,3
580,394742,"Kerrville, TX",TX,295772.0,329558.0,329921,337672,344344,350181,71,228,3
581,394906,"New Castle, IN",IN,100497.0,116169.0,127297,128043,129408,130917,68,134,20
582,395097,"Sidney, OH",OH,158872.0,180260.0,195990,196629,198737,200773,46,99,18
583,394504,"Cortland, NY",NY,135996.0,147261.0,159588,159773,160536,161268,38,71,0
584,394527,"Del Rio, TX",TX,132062.0,145246.0,162190,163008,165517,167978,45,151,3
585,394478,"Clovis, NM",NM,152646.0,170100.0,188976,189445,190944,192506,0,40,32
586,394919,"Norfolk, NE",NE,165517.0,184126.0,199900,200806,202715,204704,46,100,33
587,395208,"Washington, NC",NC,146498.0,165167.0,189272,190586,194105,197790,57,126,17
588,394503,"Corsicana, TX",TX,121471.0,135269.0,152441,154463,158151,161465,62,143,3
589,394616,"Freeport, IL",IL,92098.0,101087.0,108457,108869,109751,110749,58,131,2
590,395124,"Starkville, MS",MS,181910.0,193817.0,213611,215035,217552,219948,51,112,39
591,394427,"Burlington, IA",IA,105365.0,112638.0,120095,120556,121329,122176,62,166,38
592,394431,"Cadillac, MI",MI,125667.0,144083.0,157022,157791,159369,160953,79,130,9
593,394336,"Ardmore, OK",OK,97270.0,105405.0,116157,116892,118575,120456,51,147,25
594,394739,"Kendallville, IN",IN,145593.0,167155.0,184570,185662,187623,189474,51,91,20
595,394918,"Nogales, AZ",AZ,171357.0,206833.0,240889,242467,245818,249030,43,139,10
596,394951,"Oxford, MS",MS,205119.0,218543.0,238140,239605,242509,244493,76,166,39
597,394398,"Bogalusa, LA",LA,109405.0,115106.0,125719,126489,127814,128634,18,68,28
598,394987,"Plymouth, IN",IN,162093.0,183863.0,200578,201608,203643,205704,43,112,20
599,394628,"Gardnerville Ranchos, NV",NV,483683.0,607353.0,727026,730332,726147,722020,112,262,19
600,395144,"Tahlequah, OK",OK,113771.0,129823.0,148257,148421,149479,150604,54,157,25
601,394437,"Caon City, CO",CO,244978.0,278802.0,321209,324173,329083,330873,99,220,15
602,395043,"Ruston, LA",LA,159088.0,168870.0,181897,182916,184705,186442,22,57,28
603,753889,"Hillsdale, MI",MI,141474.0,164225.0,176725,177569,179295,180934,59,159,9
604,394789,"Lewistown, PA",PA,112768.0,125316.0,136410,136896,138357,139831,31,78,4
605,395034,"Rockingham, NC",NC,76933.0,86467.0,97370,97869,99435,100934,32,85,17
606,394990,"Ponca City, OK",OK,68972.0,72835.0,79728,79530,80559,81625,54,136,25
607,394397,"Blytheville, AR",AR,90321.0,95714.0,105206,105438,105972,106584,23,98,35
608,395017,"Red Wing, MN",MN,248180.0,285668.0,305936,311651,315833,316251,69,141,12
609,753918,"Shawano, WI",WI,161308.0,182805.0,198372,199516,201805,204132,53,142,24
610,394446,"Cedar City, UT",UT,248039.0,322264.0,366109,368962,375935,383175,104,308,30
611,394375,"Bedford, IN",IN,120103.0,138807.0,154491,155535,156445,157277,76,152,20
612,394631,"Gillette, WY",WY,272682.0,283754.0,306831,307955,309023,310681,79,160,50
613,753905,"Newport, OR",OR,324251.0,401495.0,487722,496655,507030,514794,134,320,16
614,395201,"Wapakoneta, OH",OH,154532.0,175103.0,190015,190643,192712,194797,50,103,18
615,394695,"Huntingdon, PA",PA,133363.0,146867.0,158963,159203,160704,162113,33,79,4
616,394377,"Bellefontaine, OH",OH,152991.0,171066.0,185474,186127,188250,189664,79,164,18
617,394842,"McAlester, OK",OK,89999.0,98775.0,108077,107517,109075,110721,56,172,25
618,394391,"Blackfoot, ID",ID,246950.0,290762.0,330849,332213,336546,340899,44,191,37
619,394883,"Moultrie, GA",GA,96512.0,107335.0,123078,123521,125140,126065,24,77,7
620,394677,"Henderson, NC",NC,88455.0,102775.0,117360,120138,122374,124674,28,64,17
621,394482,"Coldwater, MI",MI,125380.0,144906.0,156303,157019,158630,160320,54,158,9
622,394667,"Harrison, AR",AR,126650.0,140853.0,158396,159400,160931,162327,55,154,35
623,395037,"Rolla, MO",MO,147123.0,167554.0,183083,183628,186149,188447,61,140,13
624,395091,"Shelbyville, TN",TN,192531.0,217764.0,268363,272091,278676,283005,69,150,22
625,394545,"Duncan, OK",OK,90011.0,95722.0,106060,106694,108333,109900,54,173,25
626,753904,"Marion, NC",NC,135415.0,154769.0,174548,176049,179105,182326,37,72,17
627,394785,"Lewisburg, PA",PA,195468.0,215826.0,233653,234710,236996,239218,32,75,4
628,395008,"Pullman, WA",WA,286106.0,331745.0,365819,368189,374026,380022,55,117,11
629,395155,"Thomasville, GA",GA,143986.0,161968.0,183473,184432,187296,190092,44,145,7
630,394379,"Bemidji, MN",MN,185219.0,206690.0,219604,220297,222040,224100,57,121,12
631,394887,"Mount Sterling, KY",KY,113794.0,127879.0,142917,143896,145374,146903,57,124,26
632,394947,"Ottumwa, IA",IA,88938.0,95638.0,103362,103764,104561,105300,45,121,38
633,394954,"Pahrump, NV",NV,257787.0,290921.0,376538,381848,385960,388507,88,229,19
634,394850,"Menomonie, WI",WI,179467.0,203404.0,221813,223002,225444,227955,47,104,24
635,395083,"Selma, AL",AL,58088.0,62531.0,68286,68366,68973,69542,22,89,29
636,395032,"Rock Springs, WY",WY,236064.0,257089.0,284063,285076,286458,287825,50,115,50
637,394424,"Bucyrus, OH",OH,87987.0,100098.0,110312,110796,112050,113238,50,106,18
638,394409,"Bradford, PA",PA,72797.0,75414.0,85331,85634,86477,87352,29,87,4
639,394500,"Cornelia, GA",GA,152345.0,173470.0,199354,199857,202172,204624,58,122,7
640,394426,"Burley, ID",ID,210442.0,244134.0,278364,279691,283215,286812,48,109,37
641,394654,"Greenwood, MS",MS,89080.0,96548.0,96187,95818,96123,97131,11,55,39
642,394384,"Big Rapids, MI",MI,133763.0,156105.0,168373,173572,175326,177128,62,165,9
643,394993,"Poplar Bluff, MO",MO,112803.0,125747.0,135220,135621,137267,139039,47,113,13
644,394895,"Muscatine, IA",IA,140625.0,152026.0,162718,162971,164035,165164,41,104,38
645,394319,"Alma, MI",MI,95627.0,111717.0,121166,121820,123033,124224,43,91,9
646,394548,"Durant, OK",OK,125946.0,138497.0,154513,155280,157702,160436,54,120,25
647,395087,"Seymour, IN",IN,147287.0,165840.0,179702,180602,182518,184297,53,102,20
648,394538,"Douglas, GA",GA,111228.0,124155.0,141183,141612,143531,145338,19,70,7
649,395228,"Willmar, MN",MN,191812.0,211981.0,226170,226905,228703,230640,65,125,12
650,394349,"Auburn, IN",IN,153068.0,174631.0,201697,204784,207717,209456,59,101,20
651,395081,"Sedalia, MO",MO,104358.0,122795.0,135210,136358,138032,139271,62,133,13
652,394961,"Paragould, AR",AR,114707.0,129191.0,145904,146554,147631,148533,56,135,35
653,395230,"Wilmington, OH",OH,141927.0,163234.0,179972,180852,182990,185238,59,108,18
654,394779,"Lawrenceburg, TN",TN,123699.0,144981.0,153952,158175,162374,166425,61,137,22
655,395203,"Warren, PA",PA,92812.0,102060.0,110031,110520,111736,112928,35,67,4
656,394560,"El Dorado, AR",AR,81797.0,89981.0,101206,101643,102144,102762,25,77,35
657,394891,"Mountain Home, AR",AR,133777.0,154383.0,175659,176212,177145,178022,75,250,35
658,394448,"Cedartown, GA",GA,114382.0,133268.0,156017,157210,160201,163130,58,121,7
659,753913,"Port Clinton, OH",OH,181289.0,202731.0,220043,221078,223584,225944,69,168,18
660,394558,"El Campo, TX",TX,150480.0,169051.0,188072,188756,191456,194060,36,142,3
661,394876,"Montrose, CO",CO,291593.0,335071.0,394778,398172,402658,406751,81,192,15
662,394567,"Ellensburg, WA",WA,349124.0,443847.0,535435,536228,537936,541507,119,244,11
663,394715,"Jacksonville, IL",IL,98073.0,103638.0,109933,110284,111173,111517,41,82,2
664,753916,"Sandpoint, ID",ID,399976.0,474563.0,547611,550097,556258,562878,142,383,37
665,394316,"Alice, TX",TX,101260.0,109480.0,121250,121276,122852,124441,27,86,3
666,394449,"Celina, OH",OH,167333.0,190036.0,205683,206685,209046,211229,29,60,18
667,394627,"Garden City, KS",KS,171663.0,194184.0,206723,207617,210516,213398,35,80,36
668,394833,"Marshalltown, IA",IA,113260.0,121790.0,130735,131032,131869,132818,48,94,38
669,394297,"Aberdeen, SD",SD,175803.0,192832.0,211212,212133,214395,216573,53,101,46
670,395219,"West Plains, MO",MO,125665.0,144678.0,159873,160911,163503,166056,51,149,13
671,753877,"Cullowhee, NC",NC,261668.0,319336.0,342373,344599,350535,356649,72,256,17
672,394574,"Espaola, NM",NM,175912.0,202047.0,223519,222753,224909,226937,12,54,32
673,395026,"Riverton, WY",WY,222900.0,244508.0,272097,273473,275216,276886,58,124,50
674,395158,"Tifton, GA",GA,140565.0,156302.0,175245,175966,178503,180929,22,64,7
675,395178,"Urbana, OH",OH,147136.0,167845.0,183185,183889,185806,187618,53,103,18
676,394434,"Cambridge, OH",OH,111461.0,125904.0,137365,137373,137584,137767,33,87,18
677,394934,"Okeechobee, FL",FL,204469.0,172565.0,189539,194227,201920,205984,43,107,6
678,394845,"McMinnville, TN",TN,136116.0,148423.0,171443,171166,172734,175514,60,144,22
679,395082,"Selinsgrove, PA",PA,176933.0,197010.0,213740,214665,216909,219089,30,58,4
680,394904,"Natchitoches, LA",LA,174941.0,182080.0,194265,195300,197024,198710,21,62,28
681,394383,"Berlin, NH",NH,128512.0,150717.0,166835,167794,169703,171607,78,185,41
682,394799,"Lock Haven, PA",PA,146028.0,161645.0,174643,175263,176935,178475,28,97,4
683,395099,"Sikeston, MO",MO,109210.0,122605.0,132379,133126,134883,136533,34,120,13
684,394354,"Austin, MN",MN,136211.0,155560.0,172936,174568,176254,177537,59,108,12
685,394476,"Clewiston, FL",FL,143695.0,166353.0,196343,198144,202377,206610,42,145,6
686,394981,"Pittsburg, KS",KS,86394.0,95257.0,98457,99010,100385,101695,49,119,36
687,394526,"Defiance, OH",OH,126157.0,142653.0,155205,155719,157317,158931,45,89,18
688,395072,"Scottsbluff, NE",NE,142479.0,156315.0,168182,168688,170229,171757,40,87,33
689,394801,"Logansport, IN",IN,90994.0,104132.0,113759,114374,115496,116570,41,74,20
690,394992,"Pontiac, IL",IL,108575.0,116473.0,121964,122538,123753,124927,38,78,2
691,394663,"Hannibal, MO",MO,126813.0,143312.0,156413,157336,159531,161795,47,112,13
692,394888,"Mount Vernon, IL",IL,100213.0,111185.0,119919,120546,121652,123541,28,65,2
693,394690,"Houghton, MI",MI,127374.0,142051.0,153518,154040,155548,157158,53,113,9
694,395176,"Union City, TN",TN,86768.0,95749.0,108277,108736,110355,111968,25,81,22
695,395069,"Sault Ste. Marie, MI",MI,113620.0,136719.0,147981,148324,149521,150773,63,145,9
696,395192,"Vincennes, IN",IN,94672.0,108456.0,117970,118447,119673,120760,42,94,20
697,394624,"Gainesville, TX",TX,191467.0,221492.0,257154,259911,265360,270558,60,133,3
698,394550,"Dyersburg, TN",TN,106109.0,115313.0,128936,129270,131238,133045,32,87,22
699,394745,"Kill Devil Hills, NC",NC,352009.0,423384.0,539920,553319,564935,573293,151,388,17
700,394507,"Crawfordsville, IN",IN,137979.0,157458.0,173512,174464,176294,178094,54,105,20
701,394422,"Brownwood, TX",TX,119344.0,133660.0,152035,152918,155522,158130,63,135,3
702,395129,"Stephenville, TX",TX,178756.0,201959.0,229531,231184,235561,239897,61,136,3
703,394324,"Americus, GA",GA,88950.0,98064.0,109515,109930,111397,112912,22,64,7
704,394554,"Easton, MD",MD,312038.0,385051.0,429191,430689,433695,437059,64,158,14
705,394920,"North Platte, NE",NE,157382.0,172684.0,185678,186223,187728,189245,46,91,33
706,394914,"Newberry, SC",SC,145282.0,157461.0,176252,176213,178874,181367,27,64,34
707,394300,"Ada, OK",OK,104325.0,116926.0,132288,133456,134573,135715,43,106,25
708,394881,"Moscow, ID",ID,344720.0,397598.0,448584,449247,454209,459489,45,83,37
709,395046,"Safford, AZ",AZ,190602.0,227763.0,261025,262218,265021,268234,33,89,10
710,394894,"Murray, KY",KY,135805.0,150511.0,165097,165995,167464,168868,49,139,26
711,394382,"Bennington, VT",VT,239805.0,274394.0,301800,302726,305584,307821,61,142,47
712,394696,"Huntington, IN",IN,123746.0,140545.0,154714,155533,157116,158707,46,78,20
713,394573,"Escanaba, MI",MI,107899.0,121421.0,131718,132199,133210,134417,46,122,9
714,394438,"Canton, IL",IL,74950.0,81097.0,85785,86084,86747,87417,42,115,2
715,394499,"Corinth, MS",MS,104283.0,112038.0,123536,123899,125099,126535,22,60,39
716,394341,"Astoria, OR",OR,375403.0,455336.0,507880,520337,528788,533086,94,205,16
717,394973,"Peru, IN",IN,90397.0,103447.0,113555,113972,115063,116034,29,69,20
718,394506,"Coshocton, OH",OH,118148.0,133508.0,145592,146413,148387,150078,39,84,18
719,394916,"Newton, IA",IA,132511.0,144591.0,157182,157910,159192,160579,61,122,38
720,753898,"Logan, WV",WV,88163.0,93490.0,105372,108160,112891,113553,9,37,45
721,394370,"Bay City, TX",TX,158734.0,176432.0,199511,201066,204539,207977,42,170,3
722,394617,"Fremont, NE",NE,152306.0,171354.0,185718,186565,188623,190574,48,89,33
723,394702,"Hutchinson, MN",MN,205184.0,228825.0,258327,262036,264390,265783,48,88,12
724,394366,"Batesville, AR",AR,100561.0,110265.0,122854,123292,124087,124820,36,103,35
725,394948,"Owatonna, MN",MN,211386.0,219590.0,246096,248581,250593,252082,55,91,12
726,395191,"Vidalia, GA",GA,112504.0,125965.0,142716,143466,145525,147469,25,71,7
727,753922,"Summit Park, UT",UT,818202.0,1003418.0,1363341,1407295,1445489,1468123,170,522,30
728,753864,"Arkansas City-Winfield, KS",KS,83295.0,93352.0,98669,99035,100333,101694,59,124,36
729,394771,"Laramie, WY",WY,254678.0,281086.0,312781,314411,316753,319105,54,91,50
730,394984,"Plainview, TX",TX,81443.0,87727.0,96355,96902,98574,99822,26,52,3
731,394385,"Big Spring, TX",TX,134038.0,154194.0,163744,164210,166335,168415,43,165,3
732,394777,"Laurinburg, NC",NC,78897.0,88080.0,100623,101264,103127,105042,36,69,17
733,394535,"Dixon, IL",IL,99652.0,111860.0,120892,121325,122398,123363,43,91,2
734,394315,"Alexandria, MN",MN,240575.0,272923.0,307116,307511,308832,309449,61,115,12
735,394915,"Newport, TN",TN,121744.0,130820.0,149125,149337,151557,153504,37,108,22
736,394522,"DeRidder, LA",LA,123268.0,123849.0,131232,131752,133245,134621,35,99,28
737,394781,"Lebanon, MO",MO,132785.0,149285.0,162276,163188,165588,168081,53,123,13
738,394481,"Coffeyville, KS",KS,61238.0,67346.0,69861,70318,71192,72111,47,122,36
739,395084,"Seneca Falls, NY",NY,131856.0,144998.0,157955,158323,159379,160311,29,53,0
740,394835,"Martin, TN",TN,102114.0,113180.0,127190,127665,129893,132020,28,84,22
741,395141,"Susanville, CA",CA,176454.0,206049.0,228231,229323,231729,234985,40,128,1
742,394417,"Brookhaven, MS",MS,124056.0,131289.0,145776,146556,148334,150095,19,63,39
743,394335,"Arcadia, FL",FL,145316.0,167328.0,193240,195668,200357,204403,36,97,6
744,395150,"Taylorville, IL",IL,87371.0,92688.0,98371,98697,99542,100113,31,80,2
745,394525,"Decatur, IN",IN,150531.0,171130.0,187234,187984,189687,191293,28,48,20
746,753894,"Junction City, KS",KS,147929.0,164520.0,171323,171848,173970,176239,71,139,36
747,394557,"Effingham, IL",IL,152459.0,165677.0,178600,179198,180700,182304,29,60,2
748,395184,"Valley, AL",AL,72239.0,81040.0,89910,90013,90644,91276,24,70,29
749,394430,"Butte, MT",MT,152709.0,180510.0,210464,211569,214790,218080,49,102,49
750,394331,"Angola, IN",IN,183977.0,210189.0,231213,232222,234582,236957,41,87,20
751,394536,"Dodge City, KS",KS,115688.0,133106.0,140640,141123,143156,145315,23,57,36
752,394413,"Brenham, TX",TX,245441.0,271632.0,307051,308641,313663,318974,51,138,3
753,394569,"Emporia, KS",KS,109904.0,125076.0,132969,133334,134839,136814,42,74,36
754,753892,"Jackson, OH",OH,85138.0,95973.0,104932,105445,106831,108000,26,80,18
755,394613,"Frankfort, IN",IN,118640.0,136031.0,150195,151242,153019,154602,44,78,20
756,394414,"Brevard, NC",NC,258838.0,294732.0,340553,343451,349936,356220,67,168,17
757,395149,"Taos, NM",NM,284922.0,333963.0,364573,366445,370801,376596,29,105,32
758,753902,"Malvern, AR",AR,101203.0,110308.0,125390,125955,126822,127836,32,82,35
759,395165,"Troy, AL",AL,121090.0,131662.0,144613,145054,146216,147316,18,83,29
760,395196,"Wabash, IN",IN,117582.0,133044.0,144970,145657,146969,148295,43,67,20
761,394433,"Cambridge, MD",MD,155561.0,176956.0,190170,191252,193646,195851,52,193,14
762,394812,"Macomb, IL",IL,77459.0,82069.0,86080,86336,86998,87523,38,140,2
763,395187,"Vernal, UT",UT,231039.0,267203.0,290987,290591,294702,298954,58,113,30
764,394749,"Kingsville, TX",TX,109139.0,115550.0,127590,128310,129937,131801,30,85,3
765,394815,"Madison, IN",IN,135758.0,157836.0,175806,177016,178911,180648,33,90,20
766,394886,"Mount Pleasant, TX",TX,136237.0,153267.0,176059,177245,180701,184065,27,75,3
767,394962,"Paris, TN",TN,124631.0,138293.0,156634,157381,160038,162556,40,125,22
768,394491,"Columbus, NE",NE,187049.0,209801.0,227002,227444,229538,231600,33,81,33
769,394419,"Brookings, SD",SD,204850.0,229042.0,252312,253021,255321,257713,29,54,46
770,394740,"Kennett, MO",MO,76098.0,82126.0,88737,88845,89764,90857,16,91,13
771,394376,"Beeville, TX",TX,129062.0,140721.0,158058,158553,160438,162281,17,63,3
772,394855,"Miami, OK",OK,76070.0,85173.0,94448,94907,96259,97712,32,94,25
773,753878,"Dayton, TN",TN,152009.0,173705.0,199961,200903,204391,207582,42,105,22
774,395207,"Washington, IN",IN,144479.0,164528.0,181132,182100,183749,185490,24,66,20
775,394435,"Camden, AR",AR,59834.0,61562.0,68905,69023,69217,69407,13,62,35
776,394713,"Jackson, WY",WY,697880.0,830211.0,956905,962543,969788,976532,84,212,50
777,394670,"Hastings, NE",NE,141307.0,157668.0,169197,169631,171185,172823,38,66,33
778,394730,"Juneau, AK",AK,405685.0,431169.0,460032,461723,466428,471404,35,56,42
779,394310,"Albert Lea, MN",MN,121135.0,140017.0,150612,151282,152610,154040,42,87,12
780,394786,"Lewisburg, TN",TN,170059.0,216572.0,264308,266114,269327,270133,57,119,22
781,394708,"Iron Mountain, MI",MI,121117.0,137475.0,146415,147005,148338,149738,31,81,9
782,394795,"Lincoln, IL",IL,96787.0,104900.0,112129,112546,113509,114420,35,63,2
783,394725,"Jesup, GA",GA,125134.0,140187.0,160316,161017,163271,165509,25,64,7
784,394751,"Kirksville, MO",MO,124133.0,138650.0,150404,151151,153281,155276,31,97,13
785,394320,"Alpena, MI",MI,103386.0,119111.0,129963,130536,131794,133083,43,102,9
786,395100,"Silver City, NM",NM,138330.0,153632.0,168326,168926,170976,172673,20,63,32
787,394706,"Indianola, MS",MS,67286.0,74758.0,80171,80558,81266,82013,0,0,39
788,753879,"Elkins, WV",WV,96125.0,100800.0,110728,111489,112186,112883,11,39,45
789,394774,"Las Vegas, NM",NM,157625.0,179496.0,200205,200267,201587,203163,7,25,32
790,394846,"McPherson, KS",KS,162055.0,180371.0,188435,188795,191076,193373,36,64,36
791,395093,"Sheridan, WY",WY,290362.0,322836.0,360177,362256,365057,368013,51,143,50
792,395206,"Washington Court House, OH",OH,122840.0,140538.0,155075,155816,157655,159424,29,63,18
793,394381,"Bennettsville, SC",SC,58030.0,59545.0,67132,67506,68610,69891,7,19,34
794,395185,"Van Wert, OH",OH,106746.0,119715.0,130602,131047,132387,133731,20,44,18
795,394853,"Merrill, WI",WI,137080.0,152888.0,165215,165679,167280,168873,37,85,24
796,753901,"Ludington, MI",MI,149463.0,176234.0,190008,190716,192185,194035,50,117,9
797,394858,"Middlesborough, KY",KY,58631.0,65242.0,73116,73614,74409,75085,15,58,26
798,394508,"Crescent City, CA",CA,276072.0,304382.0,344516,346092,349576,353626,24,78,1
799,394921,"North Vernon, IN",IN,131231.0,148081.0,162142,162912,164484,166148,24,50,20
800,394673,"Hays, KS",KS,181460.0,194727.0,204790,205996,208120,210062,39,74,36
801,394601,"Forrest City, AR",AR,53773.0,57931.0,64569,64952,65436,65766,9,44,35
802,394606,"Fort Morgan, CO",CO,231957.0,269261.0,300112,302553,307537,312765,45,124,15
803,394864,"Mineral Wells, TX",TX,140485.0,162399.0,188790,191371,195937,199805,63,148,3
804,753871,"Breckenridge, CO",CO,665420.0,836187.0,1050539,1077243,1090087,1083122,160,368,15
805,394364,"Bastrop, LA",LA,59437.0,61058.0,66931,67502,68422,69175,15,51,28
806,394356,"Bainbridge, GA",GA,105893.0,119272.0,134634,135463,137686,139807,21,68,7
807,395214,"Wauchula, FL",FL,119925.0,137293.0,160926,162114,165266,168628,17,46,6
808,753884,"Hailey, ID",ID,522784.0,666063.0,762746,765867,775556,785210,72,182,37
809,394643,"Great Bend, KS",KS,80415.0,88733.0,93409,93600,94638,95919,26,63,36
810,753926,"Weatherford, OK",OK,118732.0,128883.0,142178,142515,143615,144966,36,96,25
811,395211,"Watertown, SD",SD,204843.0,232735.0,255939,257197,259893,262642,42,79,46
812,395154,"Thomaston, GA",GA,87905.0,101423.0,117520,118546,120807,123099,36,94,7
813,394892,"Mountain Home, ID",ID,224843.0,264284.0,307028,308912,313142,317292,54,96,37
814,394322,"Altus, OK",OK,69733.0,75962.0,84735,85129,85843,86620,32,79,25
815,395181,"Uvalde, TX",TX,144154.0,156762.0,174874,175963,179382,182586,22,68,3
816,394791,"Lexington, NE",NE,124622.0,138119.0,148204,148810,150174,151688,16,39,33
817,394401,"Boone, IA",IA,147630.0,160216.0,173819,174493,175703,176960,43,104,38
818,395159,"Toccoa, GA",GA,124752.0,141385.0,161456,162595,165320,167875,36,82,7
819,395138,"Summerville, GA",GA,88811.0,98499.0,112097,112807,114727,116814,25,60,7
820,753909,"Ottawa, KS",KS,145615.0,167720.0,178944,179900,182736,185713,42,76,36
821,394912,"New Ulm, MN",MN,162852.0,180035.0,190785,191275,192857,194459,34,67,12
822,394830,"Marshall, MN",MN,155800.0,171572.0,182500,183038,184366,185826,24,53,12
823,394758,"La Grande, OR",OR,202081.0,234207.0,263552,264772,267744,270995,37,79,16
824,394649,"Greensburg, IN",IN,157777.0,179192.0,196214,197247,199128,200876,35,80,20
825,394854,"Mexico, MO",MO,102968.0,116917.0,126671,127440,129508,131414,22,49,13
826,394869,"Moberly, MO",MO,99421.0,114458.0,123653,124206,125897,127637,29,68,13
827,753923,"The Dalles, OR",OR,255804.0,305449.0,336844,338642,342865,347338,34,78,16
828,394529,"Deming, NM",NM,111822.0,126247.0,140452,141008,142432,143597,10,21,32
829,394584,"Fallon, NV",NV,255173.0,296148.0,344804,346858,350630,354043,38,96,19
830,394615,"Fredericksburg, TX",TX,359444.0,424659.0,496381,502424,514156,524337,40,159,3
831,394818,"Magnolia, AR",AR,91580.0,98869.0,110976,111235,111816,112309,11,43,35
832,394436,"Campbellsville, KY",KY,106791.0,119743.0,132614,133271,134324,135370,22,74,26
833,394494,"Connersville, IN",IN,84660.0,99058.0,112110,112954,114170,115489,33,68,20
834,394533,"Dickinson, ND",ND,267761.0,274693.0,289662,290459,291382,292081,52,134,48
835,395110,"Spearfish, SD",SD,257591.0,288474.0,322901,323961,327730,331465,46,110,46
836,394674,"Heber, UT",UT,530721.0,657671.0,746711,751222,764884,779090,86,269,30
837,753921,"Steamboat Springs, CO",CO,583408.0,748214.0,911064,933115,942395,960562,93,175,15
838,394498,"Cordele, GA",GA,103717.0,113852.0,128388,128655,130376,132009,13,43,7
839,394837,"Maryville, MO",MO,149155.0,164916.0,179303,180092,182865,185493,15,36,13
840,394831,"Marshall, MO",MO,99949.0,122792.0,133146,133706,135333,137110,25,72,13
841,394337,"Arkadelphia, AR",AR,92169.0,98652.0,109814,110230,110960,111676,18,56,35
842,394793,"Liberal, KS",KS,121477.0,118263.0,126288,129374,133134,136698,12,25,36
843,394784,"Levelland, TX",TX,119799.0,129807.0,146373,147103,149195,151049,20,51,3
844,395198,"Wahpeton, ND",ND,144290.0,154824.0,166187,166384,167303,168212,21,51,48
845,394868,"Mitchell, SD",SD,170772.0,192121.0,212683,213790,216073,218211,29,58,46
846,395130,"Sterling, CO",CO,182226.0,210220.0,231669,232916,236518,240177,34,80,15
847,394959,"Pampa, TX",TX,66300.0,72136.0,79603,79841,80773,81647,27,73,3
848,395241,"Yankton, SD",SD,182285.0,203952.0,225188,225934,228353,231090,27,48,46
849,395227,"Williston, ND",ND,283410.0,289053.0,310458,311782,314259,316297,61,167,48
850,394945,"Oskaloosa, IA",IA,121041.0,128226.0,137679,137981,138574,139261,23,54,38
851,394418,"Brookings, OR",OR,329454.0,391531.0,429443,431078,436141,441948,45,113,16
852,394687,"Hood River, OR",OR,477321.0,557038.0,613631,616803,623723,631499,26,60,16
853,394371,"Beatrice, NE",NE,114626.0,127369.0,137528,138285,139516,140694,31,76,33
854,394403,"Borger, TX",TX,73356.0,78703.0,86563,86787,87926,89186,31,74,3
855,395014,"Raymondville, TX",TX,73099.0,81488.0,92774,93277,94751,96090,0,0,3
856,394564,"Elk City, OK",OK,112606.0,120156.0,133133,133374,134824,136170,39,154,25
857,394544,"Dumas, TX",TX,132051.0,145730.0,163161,163635,165515,167603,18,41,3
858,394676,"Helena, AR",AR,30314.0,31322.0,34991,35158,35486,35775,0,0,35
859,394965,"Parsons, KS",KS,56264.0,64434.0,68312,68881,70123,71662,30,69,36
860,753914,"Port Lavaca, TX",TX,149741.0,168310.0,189151,189842,192597,195532,30,82,3
861,395239,"Worthington, MN",MN,139871.0,155629.0,167374,168510,170007,171553,23,45,12
862,394979,"Pierre, SD",SD,217368.0,239263.0,267297,268359,270819,273359,25,44,46
863,394578,"Evanston, WY",WY,209373.0,230129.0,258011,259436,261219,263050,31,72,50
864,394718,"Jamestown, ND",ND,173334.0,177532.0,190446,191274,191799,192211,27,68,48
865,395004,"Prineville, OR",OR,278037.0,333911.0,373254,375513,380345,385356,54,156,16
866,394659,"Guymon, OK",OK,105501.0,116159.0,129795,131012,133662,136234,0,0,25
867,395135,"Storm Lake, IA",IA,127204.0,136296.0,147020,147412,148188,149088,16,26,38
868,395236,"Woodward, OK",OK,108183.0,116777.0,126604,126819,127776,128673,23,98,25
869,394996,"Portales, NM",NM,102910.0,113395.0,125217,125698,126808,128084,5,16,32
870,394678,"Hereford, TX",TX,98022.0,113755.0,129173,130678,132662,134069,7,35,3
871,753908,"Othello, WA",WA,200691.0,237192.0,259170,260847,265230,269716,19,50,11
872,394805,"Los Alamos, NM",NM,321391.0,361243.0,398005,400237,404945,409677,27,43,32
873,394594,"Fitzgerald, GA",GA,79584.0,88808.0,100116,100477,101887,102943,12,41,7
874,394841,"Maysville, KY",KY,95097.0,107573.0,118248,118850,119791,120953,18,54,26
875,394342,"Atchison, KS",KS,96633.0,109091.0,115891,116585,118424,120313,18,38,36
876,395104,"Snyder, TX",TX,101968.0,114722.0,123774,124221,125837,127485,17,65,3
877,753880,"Fairfield, IA",IA,128146.0,135299.0,145424,145898,146982,147828,24,79,38
878,395112,"Spirit Lake, IA",IA,244103.0,266037.0,289227,290085,291813,293638,51,126,38
879,395111,"Spencer, IA",IA,132148.0,141012.0,148263,147895,148691,149597,24,60,38
880,753925,"Vineyard Haven, MA",MA,860818.0,991822.0,1084380,1090639,1100439,1110770,32,129,8
881,753927,"Winnemucca, NV",NV,247928.0,271344.0,306944,308108,310600,313137,20,57,19
882,395142,"Sweetwater, TX",TX,82502.0,87355.0,93496,94100,95185,95978,17,61,3
883,394330,"Andrews, TX",TX,178496.0,198724.0,216783,217809,220941,223659,20,85,3
884,753929,"Zapata, TX",TX,95336.0,104933.0,115749,115743,116724,117885,0,26,3
885,395186,"Vermillion, SD",SD,183799.0,207037.0,227739,228919,231494,234087,14,26,46
886,394767,"Lamesa, TX",TX,79789.0,89095.0,100672,101760,103304,104979,10,26,3
887,753874,"Craig, CO",CO,203485.0,233731.0,254500,255437,259311,263752,25,61,15
888,394968,"Pecos, TX",TX,135280.0,154038.0,182332,185288,188386,190824,7,26,3
889,395188,"Vernon, TX",TX,72824.0,78516.0,88679,88968,90141,91552,7,21,3
890,394743,"Ketchikan, AK",AK,312472.0,334442.0,358621,360418,363903,367081,10,23,42
